,n_miembros,hay_menores,monoparental,pareja_hijos,unipersonal,renta_equiv,fin_de_mes,gasto_imprevisto,vacaciones,comida_calidad,pobreza,carencia_material
0,-1.5543122344752192e-15,2.886579864025407e-15,4.440892098500626e-16,9.43689570931383e-16,0.9999999999999949,0.10019395303528779,0.6029536746778126,0.15416231278300205,0.11793800069662291,0.016718913270637688,0.16858237547892718,0.0003483106931377322
1,0.2998991617823177,0.9999999999999944,4.579669976578771e-16,0.9999999999999938,-4.274358644806853e-15,0.16133419246197567,0.527748156551333,0.2780204197390815,0.23165059557572382,0.015314804310834096,0.14421440726035134,0.01744186046511577
2,0.0879167551497135,0.2265873858568705,0.15693353153535827,0.0696538543215108,0.42153323423232125,0.088201548019781,0.23605861117010035,0.9672966659588078,0.9576980250583926,0.23469951157358118,0.46145678488001585,0.3446591633043133
3,0.11631521165718539,0.11022712690876682,0.11022712690876471,3.219646771412954e-15,-4.496403249731884e-15,0.14315832769699327,0.6230206595662777,0.10227126908764475,0.09785705119979413,0.01077890414474559,0.07044783780315568,-6.938893903907228e-16
