cluster_kmeans,mean,median,min,max
0,0.611149537878364,0.6482028624684648,0.13708956414618956,0.7138294606593791
1,0.6622596569769382,0.7226828367405984,0.08748248137815554,0.7570304154178358
2,0.6068244473855273,0.6534083140496324,0.03935846416192359,0.7254674960744275
3,0.6167292099924762,0.6704500336858746,0.061916103938590185,0.7314780590959871
4,0.41547670829845684,0.4514264274509961,-0.03732041330925689,0.5736410733835994
